"summary","behaviour","freq","O1","N1","C1","O2","N2","C2","filledO1","voicedO2","voiced_second_consonant","gcm_naive","gcm_inf","gcm_naive_fea","gcm_inf_fea","mgl"
"= e j ny e = b.","b",4087,"=","e","j","ny","e","=",FALSE,TRUE,TRUE,1.95768398447417,1.38976485875471,2.22676745892876,2.54752694009696,0.44900501554948
"cs i = g a = b.","b",3249,"cs","i","=","g","a","=",TRUE,TRUE,TRUE,-0.391784682485531,0.842994632593743,0.38051142971178,0.840035037432117,0.935660271018218
"cs e = r e = b.","b",1295,"cs","e","=","r","e","=",TRUE,TRUE,TRUE,1.39791399993839,0.462416027507734,-0.375875990902333,-0.0240578698848314,0.507496787560246
"cs i: n j a = b.","b",1068,"cs","i:","n","j","a","=",TRUE,TRUE,TRUE,1.12786430182168,0.837398367656286,0.82600216652163,1.02265776439282,0.697258753697235
"= u g r a = b.","b",506,"=","u","g","r","a","=",FALSE,TRUE,TRUE,2.05486324786784,3.07327607665613,2.11131008808037,2.76524415329019,0.935660271018218
"c i = c a = m.","m",366,"c","i","=","c","a","=",TRUE,FALSE,FALSE,-2.49750976629776,-2.10415346559245,-2.6268279202279,-2.88027996128532,-0.573898442773058
"= u g r i = b.","b",365,"=","u","g","r","i","=",FALSE,TRUE,TRUE,1.50188856134515,2.84500065790275,1.69624553210863,2.52889312388843,0.935660271018218
"cs i = cs a = m.","m",275,"cs","i","=","cs","a","=",TRUE,FALSE,FALSE,0.199280398441954,0.237093619847532,-2.28194175803936,-2.58218754788832,0.093901923404064
"z o r d o m b.","b",226,"z","o","r","d","o","m",TRUE,TRUE,TRUE,1.74996118924345,2.6192342080292,1.40669534059255,1.94528710766114,0.697325853394551
"= e: = d i = b.","b",106,"=","e:","=","d","i","=",FALSE,TRUE,TRUE,1.39325309137528,2.36394833578489,0.110329322683697,0.568256422123307,0.134782270017254
"ny u = sz i = m.","m",92,"ny","u","=","sz","i","=",TRUE,FALSE,FALSE,-1.97372910652018,-1.85797027556071,-2.69840494533391,-1.60304732757864,-0.178934448582918
"t u"" n d i = b.","b",80,"t","u""","n","d","i","=",TRUE,TRUE,TRUE,2.08840142452795,1.78952138304754,1.54943539148445,1.83136889734487,0.300871414159574
"= i = z e: = m.","m",79,"=","i","=","z","e:","=",FALSE,TRUE,TRUE,-0.243998282904972,0.609237233400194,-0.347910154016663,0.0820843731782461,0.272686765082248
"ny u = l a m b.","b",72,"ny","u","=","l","a","m",TRUE,TRUE,TRUE,-0.511826271000402,3.45037201530895,3.27458302055759,3.9058812646105,0.503438811598378
"h e l l o: = b.","b",65,"h","e","l","l","o:","=",TRUE,TRUE,TRUE,-0.210319099599923,-0.505287254966407,0.480329850335273,0.882047438343013,-0.0684989124221167
"k u = ty u = m.","m",49,"k","u","=","ty","u","=",TRUE,FALSE,FALSE,-2.75631546170746,-4.07669493552942,-2.51122336262227,-2.78571906077652,-0.725667539709966
"= i = z e: = b.","b",45,"=","i","=","z","e:","=",FALSE,TRUE,TRUE,-0.243998282904972,0.609237233400194,-0.347910154016663,0.0820843731782461,0.272686765082248
"f a r k a s b.","b",39,"f","a","r","k","a","s",TRUE,FALSE,TRUE,1.53493418122404,1.73061368807666,0.660686350460945,1.42886028310083,0.391632198533302
"= e = s e t b.","b",33,"=","e","=","s","e","t",FALSE,FALSE,FALSE,2.02612541462583,1.10938187930033,-0.855720590240832,-1.07040562620935,-0.204809740272524
"r o: = k a = b.","b",29,"r","o:","=","k","a","=",TRUE,FALSE,FALSE,-1.209638930277,-0.937348120708379,-0.26205789548253,-0.0808288188074189,0.0420819130877375
"s u r r o g b.","b",24,"s","u","r","r","o","g",TRUE,TRUE,TRUE,0.0929730481574872,0.628680217419141,0.605936476896019,1.54520342385711,-0.0568183535371473
"z o"" r g o"": = b.","b",23,"z","o""","r","g","o"":","=",TRUE,TRUE,TRUE,0.506555854365341,0.462669563945576,0.464330900334877,0.682995184593214,0.697325853394551
"cs o"" r g o"": = b.","b",21,"cs","o""","r","g","o"":","=",TRUE,TRUE,TRUE,0.559106563544728,0.782758890507925,0.227568451502554,0.377449670844679,0.258922990099705
"h e = r e = b.","b",21,"h","e","=","r","e","=",TRUE,TRUE,TRUE,1.00200468911096,0.443485253311763,-0.613075707976607,0.0715165260621849,0.100533700877597
"ny u: = l o m b.","b",21,"ny","u:","=","l","o","m",TRUE,TRUE,TRUE,2.45279643553354,4.24119000578425,3.95687473680041,4.5647406732476,0.503438811598378
"s a j n a = b.","b",20,"s","a","j","n","a","=",TRUE,TRUE,TRUE,0.786591627991727,1.5903678588344,3.4420318580641,3.90977436192469,0.32529290783686
"cs a: = k o: = m.","m",19,"cs","a:","=","k","o:","=",TRUE,FALSE,FALSE,-0.844388264017384,-1.08699723885812,-0.414815503493846,-0.434402011635835,-0.226148984176112
"= e = l e gy b.","b",16,"=","e","=","l","e","gy",FALSE,TRUE,TRUE,1.03861844323177,0.460506493827837,1.41919953063483,2.6050327190602,0.234658605743127
"cs o n k a = b.","b",16,"cs","o","n","k","a","=",TRUE,FALSE,TRUE,0.613217533875112,0.00963781921011964,1.52685578019792,1.21041549536916,0.721838058952498
"c e = c a = m.","m",15,"c","e","=","c","a","=",TRUE,FALSE,FALSE,-1.75538659525996,-1.53692264909709,-2.46268434253057,-2.42000707003919,-0.573898442773058
"k a = k a s b.","b",15,"k","a","=","k","a","s",TRUE,FALSE,FALSE,-0.0417751444228319,0.940760252586554,-1.19504008595754,-0.684862378818657,-0.643835462930994
"= a = r i = b.","b",12,"=","a","=","r","i","=",FALSE,TRUE,TRUE,0.0142542671715387,0.643709631384498,-1.04240314577064,-0.798055251832868,0.673802973493638
"g o"" n d i = b.","b",12,"g","o""","n","d","i","=",TRUE,TRUE,TRUE,0.945862756003325,1.69783859159805,0.431715246900187,1.67940820681154,0.240621931016144
"cs i l l i = b.","b",11,"cs","i","l","l","i","=",TRUE,TRUE,TRUE,-0.125296784315489,-0.346717890488747,1.35308089556833,1.11515257736845,0.280615406624882
"zs i = g a = b.","b",11,"zs","i","=","g","a","=",TRUE,TRUE,TRUE,0.203763346683518,1.09743940894729,0.504579308929184,1.28008662637215,0.495254640455444
"cs a: = v e r b.","b",9,"cs","a:","=","v","e","r",TRUE,TRUE,TRUE,0.309676319129974,0.284957174442667,0.572764643757461,2.47514362252463,-0.0919018517568981
"ty u: = k o m b.","b",9,"ty","u:","=","k","o","m",TRUE,FALSE,FALSE,2.03616611345013,2.13404816947271,-1.03858332274164,0.321943622446253,-0.347231770660599
"c i c k o: = m.","m",8,"c","i","c","k","o:","=",TRUE,FALSE,FALSE,-0.842364258243838,-0.348342103562912,0.263531625457135,-0.330849175165147,-0.573898442773058
"cs i = n i = b.","b",8,"cs","i","=","n","i","=",TRUE,TRUE,TRUE,-0.772621826685011,0.121567698500786,0.664091997428601,1.08839713223374,0.81263791375126
"= a sz t a = m.","m",7,"=","a","sz","t","a","=",FALSE,FALSE,FALSE,0.309179189556146,-0.0763018895114505,0.0027156869907191,-0.408370746557603,-0.0830019439393683
"= u g r a: l b.","b",7,"=","u","g","r","a:","l",FALSE,TRUE,TRUE,3.44023892778262,3.83439239799372,3.54371695986983,4.64950708400895,0.935660271018218
"f u = r i = m.","m",7,"f","u","=","r","i","=",TRUE,TRUE,TRUE,-0.473902254553343,0.251208460194667,-0.616025040945183,-0.200642481946599,0.61541793154749
"h o"" r g o"": = b.","b",7,"h","o""","r","g","o"":","=",TRUE,TRUE,TRUE,0.589692902135817,-0.639710412990873,-0.483214725871551,0.34433166319246,0.196785649178369
"sz a n d i = m.","m",7,"sz","a","n","d","i","=",TRUE,TRUE,TRUE,1.33934273391104,2.07356647456166,1.11915192386626,1.55549037803514,0.500829879156111
"gy a = gy a = b.","b",6,"gy","a","=","gy","a","=",TRUE,TRUE,TRUE,-0.16805263473842,0.603111334889063,-1.3766765833321,-0.0488616204901745,0.0916352107436283
"h u = g o: = m.","m",6,"h","u","=","g","o:","=",TRUE,TRUE,TRUE,-0.462674985263066,0.414219633513839,0.0828386596201972,0.72771369602087,0.318835914838996
"t o r gy i = m.","m",6,"t","o","r","gy","i","=",TRUE,TRUE,TRUE,0.911547725633204,1.05829418053924,0.347483192111568,0.342746540885882,0
"= e = h e m b.","b",5,"=","e","=","h","e","m",FALSE,FALSE,FALSE,2.1672981586987,2.56405968263658,0.385447282635623,1.28399697227109,0.47745749062654
"= u = gy e = b.","b",5,"=","u","=","gy","e","=",FALSE,TRUE,TRUE,1.46931731441779,2.30943793597022,0.0302852956580646,0.513131393063227,0.198489335855656
"cs o n t i = b.","b",5,"cs","o","n","t","i","=",TRUE,FALSE,TRUE,-0.237005350841264,0.34274171358353,0.347179778452681,0.203723899331376,0.721838058952498
"d u r v a = m.","m",5,"d","u","r","v","a","=",TRUE,TRUE,TRUE,0.485658987688929,0.643081790163064,1.13639111578637,0.662842787243259,0.63913916852272
"h u = s i = m.","m",5,"h","u","=","s","i","=",TRUE,FALSE,FALSE,-0.627521709960832,-0.275539912397359,-1.38601269179756,-1.05816182793493,-0.316944057000812
"p i = c i = m.","m",5,"p","i","=","c","i","=",TRUE,FALSE,FALSE,-0.912864072803602,-0.836328254822396,9.85734315642946e-05,-0.598377294583973,-1.03789327381668
"s u t t o g b.","b",5,"s","u","t","t","o","g",TRUE,FALSE,FALSE,0.091941411567383,0.43517059129929,-1.61862422425489,-1.2154686267596,-0.210369169898497
"sz a = b y = b.","b",5,"sz","a","=","b","y","=",TRUE,TRUE,TRUE,-0.817776840862006,-0.504338473469689,-2.12869293142447,-1.01296043448886,0.147282562209138
"= a: = g i = b.","b",4,"=","a:","=","g","i","=",FALSE,TRUE,TRUE,1.10883702996675,1.04636726792234,-0.673462292388754,0.316374679772949,0.935660271018218
"= e r d o"": = b.","b",4,"=","e","r","d","o"":","=",FALSE,TRUE,TRUE,2.01458672276443,2.85143859867161,1.46958838739261,1.34625431803646,0.673802973493638
"= i n g a = b.","b",4,"=","i","n","g","a","=",FALSE,TRUE,TRUE,0.618163709849307,1.6311917951029,1.27577603885878,1.78496221457122,0.697258753697235
"= u n c i = m.","m",4,"=","u","n","c","i","=",FALSE,FALSE,TRUE,0.715590242155164,0.0714236527686938,1.18937809280996,0.756815362749917,0.837830104743419
"cs a: = k o: = b.","b",4,"cs","a:","=","k","o:","=",TRUE,FALSE,FALSE,-0.844388264017384,-1.08699723885812,-0.414815503493846,-0.434402011635835,-0.226148984176112
"l o"" = k i = m.","m",4,"l","o""","=","k","i","=",TRUE,FALSE,FALSE,-1.1244255111428,-0.567258378597174,-0.0442829169380809,-0.874033068585275,0.283103716786065
"p o"" = sz e = m.","m",4,"p","o""","=","sz","e","=",TRUE,FALSE,FALSE,-0.904341063128318,-0.758319866803533,-0.4352376917112,-0.735298919867449,-0.618816507813437
"r i = zs a = m.","m",4,"r","i","=","zs","a","=",TRUE,TRUE,TRUE,-0.736317972979607,-0.296433203438096,-0.204021306647346,0.018961687403415,0.596542610968462
"t u"" n c i = b.","b",4,"t","u""","n","c","i","=",TRUE,FALSE,TRUE,0.39837018191072,-1.44709816299328,0.989977851984023,0.716617215435785,0.300871414159574
"= a l v i = b.","b",3,"=","a","l","v","i","=",FALSE,TRUE,TRUE,0.670864138889919,0.595460066752871,1.17137274113255,0.679855464131136,0.381756437181461
"= e = gy e = b.","b",3,"=","e","=","gy","e","=",FALSE,TRUE,TRUE,1.54464653988218,2.4015264520508,0.397806839004883,0.803773277496941,0.198489335855656
"= i = c a = m.","m",3,"=","i","=","c","a","=",FALSE,FALSE,FALSE,-1.42774605342981,-0.900630534969702,-1.86497900546063,-2.39303543871618,-0.296616906889613
"c i = l u = m.","m",3,"c","i","=","l","u","=",TRUE,TRUE,TRUE,-2.36173754822627,-2.44619482984516,-1.82833984306588,-1.05083238523152,-0.244901187243751
"cs i = n i = m.","m",3,"cs","i","=","n","i","=",TRUE,TRUE,TRUE,-0.772621826685011,0.121567698500786,0.664091997428601,1.08839713223374,0.81263791375126
"d u p l a = m.","m",3,"d","u","p","l","a","=",TRUE,TRUE,TRUE,-1.0000928754942,-0.316068821935865,-0.535306104980317,-0.114966265964296,-0.00902315327309183
"f a n k i = m.","m",3,"f","a","n","k","i","=",TRUE,FALSE,TRUE,-0.11222131904202,0.0904882647023797,0.161997018569861,0.187507352532462,0.360144863247867
"h a n c i = m.","m",3,"h","a","n","c","i","=",TRUE,FALSE,TRUE,-1.0523712051039,-1.43028462551645,-0.846902829252103,-0.427556424507309,0.342870343575824
"k i r cs i = m.","m",3,"k","i","r","cs","i","=",TRUE,FALSE,TRUE,-0.470963822494053,-0.359642103001925,0.446457999089822,0.834318627844238,-0.023200828401515
"p u sz k o: = m.","m",3,"p","u","sz","k","o:","=",TRUE,FALSE,FALSE,-0.430588013064345,-0.0128508925605759,-0.346074463133632,-0.700998084892878,-0.618816507813437
"r o n gy o s b.","b",3,"r","o","n","gy","o","s",TRUE,TRUE,TRUE,1.13319315928019,1.80666885246339,1.96836726938993,2.22573421167271,0.730933255820417
"s a j t o s b.","b",3,"s","a","j","t","o","s",TRUE,FALSE,TRUE,1.1876525139629,1.17353700371673,3.79579552123031,3.05005762840766,0.32529290783686
"s u"" = n i = b.","b",3,"s","u""","=","n","i","=",TRUE,TRUE,TRUE,-0.801795031084657,0.240020316881869,-0.229737149046887,0.111690894785697,0.337803285484887
"sz i = j a = m.","m",3,"sz","i","=","j","a","=",TRUE,TRUE,TRUE,-1.00629447702233,-0.328043052838954,0.278181731320328,0.30758518342801,-0.0721566793223918
"= a = r a ny b.","b",2,"=","a","=","r","a","ny",FALSE,TRUE,TRUE,1.11120628074668,2.0003507672385,0.908781551570542,1.3906155552385,0.673802973493638
"= a n n a = b.","b",2,"=","a","n","n","a","=",FALSE,TRUE,TRUE,0.596990895197245,1.22665191298822,0.131908890755197,0.469909819255863,0.0932694221562932
"= e n d i = b.","b",2,"=","e","n","d","i","=",FALSE,TRUE,TRUE,2.18376582908807,2.88577533114802,1.21912602346704,1.72016438022147,0.737669865531152
"= i = z o m b.","b",2,"=","i","=","z","o","m",FALSE,TRUE,TRUE,0.739881186309466,0.888818581001288,-0.300600482227664,0.684179527424062,0.0790998444314884
"= o = k e: = m.","m",2,"=","o","=","k","e:","=",FALSE,FALSE,FALSE,-0.200173960092954,0.110103325088077,-0.103986907293315,-0.745239024015266,-0.130265194837901
"= o r d a s b.","b",2,"=","o","r","d","a","s",FALSE,TRUE,TRUE,1.86517169762055,3.28149729282797,1.30976217632755,1.44380274468119,0.673802973493638
"cs a cs k a = b.","b",2,"cs","a","cs","k","a","=",TRUE,FALSE,FALSE,0.567700914088779,0.248080963783095,-0.0579635228522749,0.0646846117300889,-0.428697403041732
"cs e n g o"": = b.","b",2,"cs","e","n","g","o"":","=",TRUE,TRUE,TRUE,1.79545962945833,2.03648861078801,1.7953300898013,1.84149585480438,0.737669865531152
"cs i l l i = m.","m",2,"cs","i","l","l","i","=",TRUE,TRUE,TRUE,-0.125296784315489,-0.346717890488747,1.35308089556833,1.11515257736845,0.280615406624882
"cs u = sz i = m.","m",2,"cs","u","=","sz","i","=",TRUE,FALSE,FALSE,-0.978545409043071,-1.17702908331875,-1.26484031732067,-1.07782953206365,-0.484811957629626
"f i = k a = m.","m",2,"f","i","=","k","a","=",TRUE,FALSE,FALSE,-0.676341621935426,-0.328289908738337,0.192463112581251,-0.391362393601503,0.0425976742364863
"g u sz t i = m.","m",2,"g","u","sz","t","i","=",TRUE,FALSE,FALSE,0.477791351043464,-0.0843031355595149,0.066107296238541,0.123286841489357,-0.235599272431025
"h o"" r g i = m.","m",2,"h","o""","r","g","i","=",TRUE,TRUE,TRUE,0.0894183165036582,0.383654706754491,0.0941899403437481,0.279606215259836,0.461670906123657
"h o"" r g o"": = m.","m",2,"h","o""","r","g","o"":","=",TRUE,TRUE,TRUE,0.589692902135817,-0.639710412990873,-0.483214725871551,0.34433166319246,0.196785649178369
"k a k s i = m.","m",2,"k","a","k","s","i","=",TRUE,FALSE,FALSE,-0.844117454512421,-0.28331578939463,-0.85434870363016,-0.677415979467467,-0.323777805216074
"k o: = c i = m.","m",2,"k","o:","=","c","i","=",TRUE,FALSE,FALSE,-1.47199175272936,-0.810054772556952,0.0809825800335999,-0.205502115310838,-1.03789327381668
"k u = l a = m.","m",2,"k","u","=","l","a","=",TRUE,TRUE,TRUE,-1.80793495421949,-1.1566726601083,-0.944274606314391,-1.1789913747187,-0.0964813382774998
"l a = z a = b.","b",2,"l","a","=","z","a","=",TRUE,TRUE,TRUE,-0.231945312653771,-0.108691244002362,-1.08883526910465,0.11165769311707,0.0850112802451947
"l a n gy i = b.","b",2,"l","a","n","gy","i","=",TRUE,TRUE,TRUE,-0.727008091748309,0.524296413912664,-0.473050872330678,0.194131034769017,0.612556500899662
"n o r c i = b.","b",2,"n","o","r","c","i","=",TRUE,FALSE,TRUE,-0.184030630767851,0.106497145592592,1.84723806316512,1.68625297601572,0.767299541812253
"p i = c u: r m.","m",2,"p","i","=","c","u:","r",TRUE,FALSE,FALSE,-1.92419334422995,-1.25342646704655,-0.80869133043586,-0.635700473646005,-1.03789327381668
"r i: = m e l b.","b",2,"r","i:","=","m","e","l",TRUE,TRUE,TRUE,0.611571537211237,1.3116440800655,1.97754267082693,3.52742594365813,0.921479845335183
"s u = s o g m.","m",2,"s","u","=","s","o","g",TRUE,FALSE,FALSE,0.943482579645634,1.32364871851527,-0.760609774556825,-0.680373548730024,-0.202349785861109
"sz e n t e m b.","b",2,"sz","e","n","t","e","m",TRUE,FALSE,TRUE,1.68363821662461,1.9810053880081,0.890243294981787,1.8132046996997,0.378214397318805
"sz o = c i = m.","m",2,"sz","o","=","c","i","=",TRUE,FALSE,FALSE,-0.583150671094911,-0.384067608532926,-0.670902884433715,-0.871463904055467,-0.290807008096572
"t i g r i s b.","b",2,"t","i","g","r","i","s",TRUE,TRUE,TRUE,0.491555780869622,2.09075508070709,2.09489253043133,3.42975943825178,0.123383487010111
"t u"" n cs i = b.","b",2,"t","u""","n","cs","i","=",TRUE,FALSE,TRUE,2.0932068874117,1.28439059598798,1.28059129810896,1.02947745521706,0.300871414159574
"v e r s i = b.","b",2,"v","e","r","s","i","=",TRUE,FALSE,TRUE,0.617813853544809,0.78351950930961,1.35313036532006,1.15880293404404,0.813611481109464
"= a = b u = m.","m",1,"=","a","=","b","u","=",FALSE,TRUE,TRUE,0.420537428000416,0.858228834700456,0.440379845095622,0.906974477486856,0.971582767766541
"= a l k u = b.","b",1,"=","a","l","k","u","=",FALSE,FALSE,TRUE,0.0561797148814219,0.198314232704894,-0.058771868723244,0.128568455619546,0.381756437181461
"= a: = d i = b.","b",1,"=","a:","=","d","i","=",FALSE,TRUE,TRUE,1.61691184998624,2.37136087318934,0.283440235198282,0.474680835944004,0.134782270017254
"= e = g e: r b.","b",1,"=","e","=","g","e:","r",FALSE,TRUE,TRUE,1.67603129405154,4.68056591331954,1.77492287441593,3.37681434886719,0.935660271018218
"= e j ny u s b.","b",1,"=","e","j","ny","u","s",FALSE,TRUE,TRUE,3.04099966394459,3.61912729236512,4.5906364394736,4.94333531038425,0.44900501554948
"= i = g e n b.","b",1,"=","i","=","g","e","n",FALSE,TRUE,TRUE,1.20210074218535,2.45107137646867,1.53147375222406,2.35405518624014,0.935660271018218
"= i = n o g b.","b",1,"=","i","=","n","o","g",FALSE,TRUE,TRUE,0.880557599213491,0.807852619671258,0.72541388289385,1.83375792661938,0.697258753697235
"= o r s i = b.","b",1,"=","o","r","s","i","=",FALSE,FALSE,TRUE,0.150842434251454,0.762746735417563,1.01274503174229,0.505514135809454,0.673802973493638
"= u = g o r b.","b",1,"=","u","=","g","o","r",FALSE,TRUE,TRUE,1.2893720297177,4.4622504197307,1.49258296808608,2.99857061749895,0.935660271018218
"= u n cs i = b.","b",1,"=","u","n","cs","i","=",FALSE,FALSE,TRUE,0.333603098986881,1.14483334219498,-0.150339281615775,-0.290565444965704,0.68142694711858
"= u n d i = b.","b",1,"=","u","n","d","i","=",FALSE,TRUE,TRUE,1.03338903511872,2.57703519708377,0.565825119442864,1.41343630183522,0.68142694711858
"br o k k o = m.","m",1,"br","o","k","k","o","=",TRUE,FALSE,FALSE,-0.170197275260994,-0.0753822628133771,-0.402400758149161,-0.187121560129785,-0.00902315327309183
"c i = l a = m.","m",1,"c","i","=","l","a","=",TRUE,TRUE,TRUE,-2.08225827352995,-2.34507968153541,-1.94583471848125,-1.44233495633968,-0.244901187243751
"c u = l a = m.","m",1,"c","u","=","l","a","=",TRUE,TRUE,TRUE,-1.84200236392291,-2.05240903103613,-0.971965856071643,-0.909611258126635,-0.244901187243751
"cs a = l i = m.","m",1,"cs","a","=","l","i","=",TRUE,TRUE,TRUE,-1.0432631353479,-0.496925403073451,-0.460959166344522,-0.292992168542353,0.357523786680729
"cs e = r e g b.","b",1,"cs","e","=","r","e","g",TRUE,TRUE,TRUE,2.73785096577001,2.20936403137007,1.97069918308102,2.85688764418369,0.507496787560246
"cs i l l a: m b.","b",1,"cs","i","l","l","a:","m",TRUE,TRUE,TRUE,0.0247309465963317,0.655723415944813,0.136135486910278,0.91018606337064,0.126303189321492
"cs o = k i = m.","m",1,"cs","o","=","k","i","=",TRUE,FALSE,FALSE,-1.47622085065732,-0.420724909295453,-1.08526833426649,-1.42647996413075,-0.144919688536947
"cs o = sz i = m.","m",1,"cs","o","=","sz","i","=",TRUE,FALSE,FALSE,-1.61020792731159,-1.45338407845204,-1.41182001815126,-1.28801705449232,-0.484811957629626
"cs o: = k i = m.","m",1,"cs","o:","=","k","i","=",TRUE,FALSE,FALSE,-1.29888908009271,-0.430762194553699,-0.826414606812298,-1.18551702168048,-0.131435295144383
"cs o"" n g o"" tt b.","b",1,"cs","o""","n","g","o""","tt",TRUE,TRUE,TRUE,1.6505816131394,2.55139047983237,2.3558710937665,2.22595776603763,0.737669865531152
"d a = r a = b.","b",1,"d","a","=","r","a","=",TRUE,TRUE,TRUE,-0.0210826648357494,0.233876415301987,-0.629094417903186,0.0603896081522159,0.0601629555579219
"d u = c i = b.","b",1,"d","u","=","c","i","=",TRUE,FALSE,FALSE,-0.136726386065219,0.0833360421228361,-0.933416504982971,-0.831433942436652,-0.346261558295317
"d u r c i = b.","b",1,"d","u","r","c","i","=",TRUE,FALSE,TRUE,0.800350745993159,1.07637698103817,1.43375261146943,1.52021006707307,0.0601629555579219
"f e = l e = m.","m",1,"f","e","=","l","e","=",TRUE,TRUE,TRUE,0.583887947514895,-0.611103203938945,0.384645059150353,0.646058651992382,0.323201899700316
"f o = s i = m.","m",1,"f","o","=","s","i","=",TRUE,FALSE,FALSE,-0.891071310429219,-0.453367618505306,-1.48461780005599,-1.31550554795801,-0.202349785861109
"f u r cs a = b.","b",1,"f","u","r","cs","a","=",TRUE,FALSE,TRUE,-0.548276450768324,0.173591227704778,0.649634885875927,-0.0686870426411459,0.353798063049822
"f u: = r o k b.","b",1,"f","u:","=","r","o","k",TRUE,TRUE,TRUE,0.459536429093834,-0.125253079563485,0.307475588503416,1.72119979477582,0.351467094594438
"f u"" r d i = b.","b",1,"f","u""","r","d","i","=",TRUE,TRUE,TRUE,1.10280332706158,1.68973831787011,1.23086928233973,1.19155544873404,0.351467094594438
"f u"" r g e = b.","b",1,"f","u""","r","g","e","=",TRUE,TRUE,TRUE,0.152823872505204,0.40701395937905,-0.828179223868882,-0.680482209989844,0.351467094594438
"g a = b o: = b.","b",1,"g","a","=","b","o:","=",TRUE,TRUE,TRUE,-0.692320918366336,-0.280520859281659,-1.07536480191403,-0.13629392309305,0.387441802699636
"g e = c i = b.","b",1,"g","e","=","c","i","=",TRUE,FALSE,FALSE,-0.986349123472224,-0.994413143393338,-1.5356706268475,-1.06127030545849,-0.366461037406897
"g e = r a = m.","m",1,"g","e","=","r","a","=",TRUE,TRUE,TRUE,0.467121831669051,1.07287417525122,-0.800442654091773,0.106026113264589,0.375637859515781
"g u g l i = b.","b",1,"g","u","g","l","i","=",TRUE,TRUE,TRUE,-0.124951205797631,-0.482605592560418,0.276422414302096,2.20142579289319,0.476289527361471
"gy e: = m a: n b.","b",1,"gy","e:","=","m","a:","n",TRUE,TRUE,TRUE,0.411384916058913,1.35776370926076,0.250504050069498,1.11011522594549,0.426971752303568
"gy u = sz i = m.","m",1,"gy","u","=","sz","i","=",TRUE,FALSE,FALSE,-0.696657276198522,-0.474373610164693,-0.288834504545376,-0.00560319713090417,-0.0792716533343886
"gy u r k e sz b.","b",1,"gy","u","r","k","e","sz",TRUE,FALSE,TRUE,0.43270235717229,0.653097236894826,0.0284180561336025,0.679429820986436,0.0898903767999902
"h a = l i = m.","m",1,"h","a","=","l","i","=",TRUE,TRUE,TRUE,-0.173365001166022,-0.307084104538712,-0.530297317168489,-0.0450115699718431,0.236677357374841
"h a = m i = b.","b",1,"h","a","=","m","i","=",TRUE,TRUE,TRUE,-1.30706070397408,0.127165793140423,-0.165430670280588,0.243279147376782,0.394262633996172
"h a j d e = b.","b",1,"h","a","j","d","e","=",TRUE,TRUE,TRUE,0.055277248485525,0.708815066037841,1.9781793864253,2.40499240458276,0.354091150468981
"h a: = ny i = b.","b",1,"h","a:","=","ny","i","=",TRUE,TRUE,TRUE,-0.350612846895756,-0.335646308458474,0.585849118462995,1.03414964277067,0.394262633996172
"h u n c i = m.","m",1,"h","u","n","c","i","=",TRUE,FALSE,TRUE,-1.00709035356958,-1.3626807848455,-0.332631489967403,0.18406946969241,0.455214600271602
"h u"" m m o"" = b.","b",1,"h","u""","m","m","o""","=",TRUE,TRUE,TRUE,0.502316764527635,1.58459505509868,0.736154494752109,0.866844439182108,0.450692312313498
"j u = l u s b.","b",1,"j","u","=","l","u","s",TRUE,TRUE,TRUE,-1.06826451135375,-0.32121852593976,0.311721854980926,0.393688648621064,0.590701803653538
"j u l cs i = b.","b",1,"j","u","l","cs","i","=",TRUE,FALSE,TRUE,0.252683573989676,0.623916868708715,-1.80506308369433,-0.0566983561933659,0.590701803653538
"j u l cs u s m.","m",1,"j","u","l","cs","u","s",TRUE,FALSE,TRUE,3.7184945357507,4.05481306228193,4.89684975393303,2.91651887415708,Inf
"j u l k a = b.","b",1,"j","u","l","k","a","=",TRUE,FALSE,TRUE,0.43284837993909,0.564655621569229,0.638609277235247,0.876098900061775,0.590701803653538
"k a = t a = m.","m",1,"k","a","=","t","a","=",TRUE,FALSE,FALSE,-0.432474855319384,-1.19596651552488,-0.508761530443802,-1.11120987184121,-1.03789327381668
"k a = ty u = m.","m",1,"k","a","=","ty","u","=",TRUE,FALSE,FALSE,-2.37798536589147,-3.51025533963735,-1.45049079468222,-1.50067503141315,-0.725667539709966
"k a j cs i = m.","m",1,"k","a","j","cs","i","=",TRUE,FALSE,TRUE,-0.887318025339715,-0.753584106540022,-1.42115353480238,-1.35214764822429,0.501134049506743
"k e = k e c m.","m",1,"k","e","=","k","e","c",TRUE,FALSE,FALSE,0.891498514589074,0.91810611155693,-0.571565593710846,-0.716897676130116,-0.334922223277404
"k o"" ny v i = m.","m",1,"k","o""","ny","v","i","=",TRUE,TRUE,TRUE,-0.766136098694711,-0.544098763770206,-0.522624450215407,0.759237414657846,-0.031988449638622
"k u = r u tyty b.","b",1,"k","u","=","r","u","tyty",TRUE,TRUE,TRUE,-1.45758139747704,0.199293534155106,-0.889585878689263,1.18084836775792,-0.208482266883688
"k u = ty a = m.","m",1,"k","u","=","ty","a","=",TRUE,FALSE,FALSE,-2.69995634705047,-3.78107610962536,-1.4119394041857,-1.69234937476203,-0.725667539709966
"k u = ty i = m.","m",1,"k","u","=","ty","i","=",TRUE,FALSE,FALSE,-1.90245367649887,-3.60665525977166,-2.56179851364208,-2.43910268737191,-0.725667539709966
"k u"" = ty u"" = m.","m",1,"k","u""","=","ty","u""","=",TRUE,FALSE,FALSE,-2.12763964152054,-3.52189972285705,-2.72674173717825,-2.71733371715975,-0.725667539709966
"l o: = c i = m.","m",1,"l","o:","=","c","i","=",TRUE,FALSE,FALSE,-1.36843141510167,-0.644508342182707,-0.385183172814213,-0.153514357986254,0.283103716786065
"l u k sz u s b.","b",1,"l","u","k","sz","u","s",TRUE,FALSE,FALSE,-0.00842839843575928,0.578245497823231,0.733343750875664,1.61468586201977,-0.194538034013759
"ny u = sz i = b.","b",1,"ny","u","=","sz","i","=",TRUE,FALSE,FALSE,-1.97372910652018,-1.85797027556071,-2.69840494533391,-1.60304732757864,-0.178934448582918
"ny u"" = zs i = m.","m",1,"ny","u""","=","zs","i","=",TRUE,TRUE,TRUE,-0.0324185799316244,-0.303037700052094,-0.238767235964936,-0.0972483066073343,0.310838454214431
"p a t r o n m.","m",1,"p","a","t","r","o","n",TRUE,TRUE,TRUE,1.15349463976804,1.46542582374114,1.33890630467125,1.44951324916685,-1.03789327381668
"p i = ty u = m.","m",1,"p","i","=","ty","u","=",TRUE,FALSE,FALSE,-1.83741155330098,-1.85045694651507,-0.314668085192318,-1.38988428614931,-0.725667539709966
"p o"" r g e = m.","m",1,"p","o""","r","g","e","=",TRUE,TRUE,TRUE,0.298226485400488,0.892209178153174,0.782411945643781,0.9706285009113,0.588921242922278
"r e n d i = b.","b",1,"r","e","n","d","i","=",TRUE,TRUE,TRUE,1.99237217508823,2.01791524360936,0.750841281087111,1.70701703513499,0.730933255820417
"r e n d o"": r b.","b",1,"r","e","n","d","o"":","r",TRUE,TRUE,TRUE,3.6065086605041,4.04939949247426,3.00595234434437,4.27520296196557,0.730933255820417
"s a: = r i = m.","m",1,"s","a:","=","r","i","=",TRUE,TRUE,TRUE,-0.660026041415859,-0.958649248765554,-0.865793824847844,-0.159251270920418,0.398902226103047
"s e: = t a = m.","m",1,"s","e:","=","t","a","=",TRUE,FALSE,FALSE,-0.750139198695035,-0.685810061081582,-1.25132499165489,-1.81530940175423,0.050475517896919
"s o"" = r i = m.","m",1,"s","o""","=","r","i","=",TRUE,TRUE,TRUE,-1.20085831013379,-0.992421353113173,-0.563416412581232,-0.0518928839158078,0.482335266512372
"sz a = d o: = m.","m",1,"sz","a","=","d","o:","=",TRUE,TRUE,TRUE,0.180793057291866,0.497393693918663,-0.190542876413106,0.38025228196843,0.377673280199694
"sz e k sz i = b.","b",1,"sz","e","k","sz","i","=",TRUE,FALSE,FALSE,-0.189687779730323,-0.536821173337195,-1.28058585841099,-1.22395553301265,-0.33906773520254
"sz e: = k e m b.","b",1,"sz","e:","=","k","e","m",TRUE,FALSE,FALSE,0.585354546447335,1.91510893889045,0.434909412844545,1.32425396756806,-0.283703621265614
"sz i = = o: = m.","m",1,"sz","i","=","=","o:","=",TRUE,FALSE,FALSE,-0.665948295028722,-0.509845597099617,-0.534374138901291,-1.05709810386776,Inf
"sz o = m o r b.","b",1,"sz","o","=","m","o","r",TRUE,TRUE,TRUE,-0.0830441545214947,1.00974364982953,1.10233679397843,2.87790799647312,0.397417548647771
"sz u = sz o g m.","m",1,"sz","u","=","sz","o","g",TRUE,FALSE,FALSE,0.201299073815472,0.343053195861408,-0.824139815529894,-0.73012420052689,-0.059072174222809
"sz u n d i = b.","b",1,"sz","u","n","d","i","=",TRUE,TRUE,TRUE,0.221310909862598,-0.161441463998835,-0.192292741922721,0.961849045420473,0.0556571558462446
"t a = ny a = m.","m",1,"t","a","=","ny","a","=",TRUE,TRUE,TRUE,0.20940516063422,0.294584298655497,0.669048357855611,0.932816318890283,0.311485622574902
"t a: n c i = m.","m",1,"t","a:","n","c","i","=",TRUE,FALSE,TRUE,1.0747044536921,1.36636116174194,1.06743781019039,0.561432173455278,0.390042836656419
"t e = v e = m.","m",1,"t","e","=","v","e","=",TRUE,TRUE,TRUE,-0.919578809989629,-2.54843079085105,-1.08096147532146,-0.254173591045788,-0.17240318699137
"t e = v i = m.","m",1,"t","e","=","v","i","=",TRUE,TRUE,TRUE,-1.18676586463969,-2.33899580122688,-1.18771504954158,-0.366892341380999,-0.17240318699137
"t u"" n d e: r b.","b",1,"t","u""","n","d","e:","r",TRUE,TRUE,TRUE,3.29742666435998,3.85263324735837,2.09229276479055,3.23344459709936,0.300871414159574
"v e = gy e: sz b.","b",1,"v","e","=","gy","e:","sz",TRUE,TRUE,TRUE,0.89323663947284,1.44351151034044,0.8379819189658,1.47071280404655,0.476289527361471
"v i = c a = m.","m",1,"v","i","=","c","a","=",TRUE,FALSE,FALSE,-1.98512074275974,-1.35438568752087,-1.67452584426088,-1.96711795683295,-0.101280168295994
"v o"" = r o"" s b.","b",1,"v","o""","=","r","o""","s",TRUE,TRUE,TRUE,-0.087356455623112,1.26973124474834,-0.258216993320846,0.415228344803254,0.813611481109464
"z a = b i = m.","m",1,"z","a","=","b","i","=",TRUE,TRUE,TRUE,-0.0746973205341068,0.626968927712461,0.90332031227069,0.940178561317989,0.573898442773058
"z o = l a = b.","b",1,"z","o","=","l","a","=",TRUE,TRUE,TRUE,-1.40285474847939,-1.6416403892286,-1.39631682586276,-0.700925694771205,0.397312103407629
"z u = h o g b.","b",1,"z","u","=","h","o","g",TRUE,FALSE,FALSE,-1.14425723812946,-0.152803085296927,-1.83796675345175,-1.24685651192714,0.31926630664848
"zs i = d o: = b.","b",1,"zs","i","=","d","o:","=",TRUE,TRUE,TRUE,-0.645620479983381,0.475702132022721,-1.32617171254245,-0.247656243305215,0.290361720400782
